Name,Label
Mary,female
Patricia,female
Jennifer,female
Linda,female
Elizabeth,female
Barbara,female
Susan,female
Jessica,female
Sarah,female
Karen,female
Nancy,female
Lisa,female
Betty,female
Margaret,female
Sandra,female
Ashley,female
Kimberly,female
Emily,female
Donna,female
Michelle,female
James,male
Robert,male
John,male
Michael,male
William,male
David,male
Richard,male
Joseph,male
Thomas,male
Charles,male
Christopher,male
Daniel,male
Matthew,male
Anthony,male
Mark,male
Donald,male
Steven,male
Paul,male
Andrew,male
Joshua,male
Alex,NB
Ari,NB
Ashe,NB
Finnley,NB
Florian,NB
Jaz,NB
Jesse,NB
Lee,NB
Skyler,NB
Taylor,NB
Dany,NB
Ellis,NB
Scottie,NB
Eliot,NB
Wren,NB
Casey,NB
Riley,NB
Avery,NB
Cameron,NB
Jamie,NB
